usr,pw
,cf83e1357eefb8bdf1542850d66d8007d620e4050b5715dc83f4a921d36ce9ce47d0d13c5d85f2b0ff8318d2877eec2f63b931bd47417a81a538327af927da3e
a,1f40fc92da241694750979ee6cf582f2d5d7d28e18335de05abc54d0560e0f5302860c652bf08d560252aa5e74210546f369fbbbce8c12cfc7957b2652fe9a75
c,5267768822ee624d48fce15ec5ca79cbd602cb7f4c2157a516556991f22ef8c7b5ef7b18d1ff41c59370efb0858651d44a936c11b7b144c48fe04df3c6a3e8da
taylor,2c1ee68372215b1ce064426b5cdbd4ef2581ace0dd3b21fa2be27f364827242e83f68b68be03f5b3e24be5d1b4315f98a0a96d19713fb3a19dc455fb6adc3431
e,87c568e037a5fa50b1bc911e8ee19a77c4dd3c22bce9932f86fdd8a216afe1681c89737fada6859e91047eece711ec16da62d6ccb9fd0de2c51f132347350d8c
janet,4e83a3339059f0cc30910ae3ca1d01d854a0fefd2f277776e044daad540bbdd5c79033a1c2eb851dffd258194bd58f5657e93fa21b70b5180e7d0efc60040cd4
elmo,cf83e1357eefb8bdf1542850d66d8007d620e4050b5715dc83f4a921d36ce9ce47d0d13c5d85f2b0ff8318d2877eec2f63b931bd47417a81a538327af927da3e
j,5ae625665f3e0bd0a065ed07a41989e4025b79d13930a2a8c57d6b4325226707d956a082d1e91b4d96a793562df98fd03c9dcf743c9c7b4e3055d4f9f09ba015
PEPE,edad0b1d0d5da265d505ba3e75aa85b7df72b48a76e351afd3c90ada24d9b4c429c9029e8944c22688e4a7d8e789ce5508d71245e32281ce69f2690907da61d1
kayne,aa66509891ad28030349ba9581e8c92528faab6a34349061a44b6f8fcd8d6877a67b05508983f12f8610302d1783401a07ec41c7e9ebd656de34ec60d84d9511
q,929872838cb9cfe6578e11f0a323438aee5ae7f61d41412d62db72b25dac52019de2d6a355eb2d033336fb70e73f0ec0afeca3ef36dd8a90d83f998fee23b78d
lelel,052d52f93faf4fa4037fc1e1cedec179253e47e3f2a11f7ef070fcfc393a7429dec341c46463b000d0a46f6d0e6de1325e1e43f7f01fe4605954df9035e0b080
keke,0190cbe6198a2cb0d4caf765b7f592a4d13f9175e3d4169cccaf5ab7a0f03559dd1fb4e0e6226bb1b5a10c70e2d9991c6f0b8c177ed728d20b8630a5a021941c
w,aa66509891ad28030349ba9581e8c92528faab6a34349061a44b6f8fcd8d6877a67b05508983f12f8610302d1783401a07ec41c7e9ebd656de34ec60d84d9511
qveenbey,2e96772232487fb3a058d58f2c310023e07e4017c94d56cc5fae4b54b44605f42a75b0b1f358991f8c6cbe9b68b64e5b2a09d0ad23fcac07ee9a9198a745e1d5
x,a4abd4448c49562d828115d13a1fccea927f52b4d5459297f8b43e42da89238bc13626e43dcb38ddb082488927ec904fb42057443983e88585179d50551afe62
bob,b33b42a9662f0783af1727c47503a020638310c882fc651f9f2dad02f25a10d913d3a0f826fac4d3061204c45c432695430efecc0ce93c86d421e3c55532bc9d
kekek,b06223f2bbb42156234a03c57d5fc699c9fc51bfb3d9abedac39a0e6be148c943897f65a7ade061be0885a4e65bda571985383cc1b59ff66deec2e0909389d45
boo,d122b798e3be2497d505d100e4540de43fdf0aeba9eba375429944413393ecbf068274cfcbafb0d96321175c4b8797cb8e1308bd902a3ad9f3ac02c13940ed67
